"Gene names","Protein names","Ctrl N02","Ctrl N04","Ctrl N06","Ctrl N08","Ctrl N10","PD N01","PD N03","PD N05","PD N07","PD N09","log2FC","AveExpr","t","P.Value","adj.P.Val","B"
"ANXA2","Annexin A2",18.9912204742432,19.9622669219971,19.5563856760661,19.3654276529948,18.8852157592773,20.6562678019206,20.0040995279948,20.8238042195638,20.5310656229655,20.1884784698486,1.08863983154297,19.8964232126872,4.67824217756977,0.000647411050453744,0.370225279851524,-1.12746791530654
"GLIPR2","Golgi-associated plant pathogenesis-related protein 1",18.6122678120931,19.0288461049398,18.5407568613688,18.0541178385417,19.2069091796875,20.4176610310872,19.3862463633219,19.1689783732096,19.9266707102458,19.8192717234294,1.05518608093262,19.2161725997925,3.88447690378585,0.00247561350961782,0.370225279851524,-1.86800331874066
"SIRT2","NAD-dependent protein deacetylase sirtuin-2",21.2997258504232,21.5420926411947,21.4680722554525,21.5334053039551,21.216636021932,22.2113393147786,21.7473030090332,21.6980527242025,21.892406463623,22.0401096343994,0.505855814615887,21.6649143218994,3.57780526643423,0.00423813127439726,0.407482103231039,-2.18343516219205
"CST3","Cystatin-C",21.5452569325765,21.6137415568034,21.8938388824463,20.889518737793,21.8596433003743,23.039847056071,22.6327037811279,22.5830663045247,21.8582534790039,21.951047261556,0.85258369445801,21.9866917292277,3.23511060264926,0.00780087408563671,0.407482103231039,-2.55263889031814
"GM2A","Ganglioside GM2 activator;Ganglioside GM2 activator isoform short",19.1209990183512,19.2805042266846,19.0898914337158,19.6970678965251,19.6861591339111,20.0791695912679,19.6518173217773,19.6552149454753,20.3002789815267,20.107006072998,0.583773040771486,19.6668108622233,3.10275634505814,0.00989170613678643,0.407482103231039,-2.69920829065668
"CPE","Carboxypeptidase E",20.0320491790771,19.7339477539062,18.8249066670736,19.1464544932048,18.8880240122477,20.4686113993327,20.2271474202474,19.7567882537842,20.1727428436279,19.8312791188558,0.766237386067707,19.7081951141357,3.03384650637391,0.0111962620703156,0.407482103231039,-2.77624507883287
"UBA52;RPS27A;UBB;UBC","Ubiquitin-60S ribosomal protein L40;Ubiquitin;60S ribosomal protein L40;Ubiquitin-40S ribosomal protein S27a;Ubiquitin;40S ribosomal protein S27a;Polyubiquitin-B;Ubiquitin;Polyubiquitin-C;Ubiquitin",23.1538696289062,22.8031781514486,23.0681902567546,23.4442857106527,23.7385419209798,24.4409790039062,23.9771099090576,23.6839040120443,23.547353108724,23.7870229085286,0.645660654703776,23.5644434611003,2.99987527452678,0.0119018777635378,0.407482103231039,-2.8143861144421
"MBP","Myelin basic protein",25.2094860076904,26.4707698822021,25.9451624552409,26.1636880238851,25.4886042277018,27.3626607259115,26.7815265655518,25.9435418446859,26.6805267333984,26.8234202067057,0.862793095906574,26.2869386672974,2.96786401946121,0.0126076776879444,0.407482103231039,-2.85041802872681
"MAOB","Amine oxidase [flavin-containing] B",22.924441019694,23.0759963989258,22.2553933461507,22.2146199544271,22.2315521240234,23.1359202067057,23.040049235026,23.301570892334,23.2034384409587,22.9037806193034,0.576551310221356,22.8286762237549,2.8993852214163,0.0142618192135182,0.407482103231039,-2.92777068957126
"HIST1H1C;HIST1H1E;HIST1H1D;HIST1H1T;HIST1H1A","Histone H1.2;Histone H1.4;Histone H1.3;Histone H1t;Histone H1.1",20.6807041168213,21.5372982025146,20.9932231903076,21.1680711110433,20.9491335550944,21.8906084696452,21.2510134379069,21.6367295583089,21.6975053151449,21.4727738698324,0.524040095011392,21.3277060826619,2.87707265393231,0.0148464372616683,0.407482103231039,-2.95304793633511
"CTSL","Cathepsin L1;Cathepsin L1 heavy chain;Cathepsin L1 light chain",20.9225012461344,17.6527283986409,19.9634335835775,20.1564687093099,20.3172982533773,22.0071729024251,21.0327256520589,20.203784942627,21.7406088511149,22.2342440287272,1.64122123718262,20.6230966567993,2.83971970304933,0.0158792360449563,0.407482103231039,-2.99543621635318
"PMP2","Myelin P2 protein",21.4003709157308,21.4039154052734,20.5182755788167,20.6063181559245,21.474817276001,22.4581095377604,21.7657642364502,21.2540060679118,21.5705712636312,22.1588637034098,0.760723495483401,21.461101214091,2.77207072620871,0.0179354653421744,0.407482103231039,-3.07240678756445
"ASRGL1","Isoaspartyl peptidase/L-asparaginase;Isoaspartyl peptidase/L-asparaginase alpha chain;Isoaspartyl peptidase/L-asparaginase beta chain",21.3771603902181,21.6584803263346,21.3481438954671,21.0341161092122,20.8221740722656,21.9686679840088,21.6461493174235,21.2883008321126,22.0517800649007,22.3097826639811,0.604921213785806,21.5504755655924,2.76202448729889,0.0182626347166,0.407482103231039,-3.08385668341804
"GJA1","Gap junction alpha-1 protein",21.8092409769694,22.2589054107666,21.2205988566081,21.6192696889242,21.5983956654867,22.2221609751383,22.1854788462321,21.9382915496826,22.853261311849,22.2483806610107,0.588232549031576,21.9953983942668,2.70233561301254,0.0203323077867943,0.420348363157421,-3.15196936574232
"CALB2","Calretinin",20.2923793792725,21.8157348632812,22.0570513407389,21.9139060974121,22.0282459259033,23.327304204305,22.4317245483398,22.0880489349365,22.4203306833903,22.2859446207682,0.889207077026368,22.0660670598348,2.52961528547719,0.0277176869351717,0.43292017114911,-3.34952718897311
"CNP","2,3-cyclic-nucleotide 3-phosphodiesterase",24.7961018880208,25.5064042409261,25.1993153889974,25.4859701792399,24.795970916748,26.469362894694,25.3748715718587,25.1577472686768,26.0991039276123,26.0143330891927,0.666331227620442,25.4899181365967,2.51445141814738,0.0284798023480569,0.43292017114911,-3.3668775959352
"GPD1","Glycerol-3-phosphate dehydrogenase [NAD(+)], cytoplasmic",22.653418858846,20.5097529093424,21.0946146647135,19.8877321879069,22.2237014770508,23.0799554189046,22.6456775665283,23.4324232737223,22.7784283955892,21.2606531778971,1.36558354695638,21.9566357930501,2.4922136537813,0.0296346326270088,0.43292017114911,-3.3923166080682
"MARCKS","Myristoylated alanine-rich C-kinase substrate",20.9905122121175,21.6702823638916,21.0223293304443,21.5646495819092,20.7935072580973,22.1468232472738,21.3819020589193,21.2413514455159,22.2738571166992,22.1231371561686,0.625158055623374,21.5208351771037,2.44925252659066,0.0319965131614046,0.43292017114911,-3.44143479967027
"GDA","Guanine deaminase",19.6337248484294,21.2705141703288,20.9749069213867,21.0596841176351,20.1179504394531,21.0621439615885,21.1227633158366,21.2758318583171,21.634775797526,21.6261590321859,0.732978693644204,20.9778454462687,2.42143125227936,0.0336227981539215,0.43292017114911,-3.47321611010684
"TMSB4X","Thymosin beta-4;Hematopoietic system regulatory peptide",22.4201602935791,23.4492816925049,23.2189025878906,23.5075352986654,23.1219259897868,23.7048899332682,24.0193627675374,23.1828378041585,23.690279006958,23.8280353546143,0.54151980082194,23.4143210728963,2.38942538520352,0.0355930892891104,0.43292017114911,-3.509742414084
"NRCAM","Neuronal cell adhesion molecule",18.7368240356445,18.3531138102214,19.2354017893473,18.5783341725667,18.2855084737142,19.0541286468506,18.6242237091064,19.249875386556,19.364860534668,19.509459177653,0.522673034667969,18.8991729736328,2.3859851647461,0.0358114163553351,0.43292017114911,-3.51366593000211
"CTSZ","Cathepsin Z",22.3075059254964,23.336732228597,22.7427857716878,22.7401212056478,22.2776107788086,22.6166826883952,23.5192934672038,23.0331916809082,23.6793994903564,23.6500988006592,0.618782043457034,22.990342203776,2.38068332720248,0.0361504295956331,0.43292017114911,-3.51971151754117
"NECAB2","N-terminal EF-hand calcium-binding protein 2",18.464911142985,19.6747468312581,19.0070184071859,19.031099319458,18.0883642832438,19.147897084554,19.3902111053467,19.1469529469808,20.0395876566569,20.2294521331787,0.737592188517253,19.2220240910848,2.3278807749517,0.0397006168824002,0.43292017114911,-3.57984145594574
"SELENBP1","Selenium-binding protein 1",21.9690958658854,21.507111231486,21.0582275390625,21.8186194101969,20.8735637664795,21.590950012207,22.0387541453044,22.1704921722412,21.9064547220866,22.1278991699219,0.521586481730141,21.7061168034871,2.32466405392451,0.0399274379191011,0.43292017114911,-3.58349934744639
"CRYM","Ketimine reductase mu-crystallin",23.2952054341634,24.3176422119141,23.8923937479655,23.5244668324788,23.2628943125407,23.6164156595866,24.7230243682861,24.3016058603923,24.3244126637777,24.2105274200439,0.57667668660482,23.9468588511149,2.32113548676341,0.0401776845517862,0.43292017114911,-3.58751109811349
"CRYAB","Alpha-crystallin B chain",22.2760041554769,22.912712097168,22.1525287628174,22.5767389933268,21.8348662058512,23.2421372731527,22.2642002105713,22.8215268452962,22.9348309834798,23.1915334065755,0.540275700887039,22.6207078933716,2.26757610563002,0.0441665238222276,0.43292017114911,-3.64829843485023
"GMPR2","GMP reductase 2",18.6112664540609,18.1472778320312,17.9467805226644,17.3839429219564,18.1781323750814,18.402094523112,18.3594989776611,18.2549171447754,18.893362681071,18.9312922159831,0.514753087361653,18.3108565648397,2.22392737450994,0.0476955486978113,0.43292017114911,-3.69766901881048
"CCT6A","T-complex protein 1 subunit zeta",23.5020548502604,22.707768758138,23.3508288065592,22.9757633209229,22.8834641774495,22.982297261556,22.5954990386963,23.0623512268066,21.5264517466227,21.915989557902,-0.667458216349285,22.7502468744914,-2.21044770183266,0.0488387965077085,0.43292017114911,-3.71288078800711
"TH","Tyrosine 3-monooxygenase",24.6083335876465,23.7492307027181,24.3233076731364,24.3279851277669,24.6855996449788,24.106014251709,23.9157238006592,24.3414154052734,23.1187623341878,22.9990062713623,-0.642706934611003,24.0175378799438,-2.2456483782615,0.0459069433852565,0.43292017114911,-3.67312138352314
"HNRNPA3","Heterogeneous nuclear ribonucleoprotein A3",19.8846085866292,18.6868368784587,19.2781060536702,19.980489730835,20.0776220957438,19.4804706573486,19.0059973398844,19.0473276774089,18.5639324188232,18.5990676879883,-0.642173512776693,19.260445912679,-2.26241986464387,0.0445700008047743,0.43292017114911,-3.65413907554932
"DNAJB11","DnaJ homolog subfamily B member 11",19.0525035858154,20.1915537516276,20.1968828837077,20.1897538503011,20.2125078837077,19.5339075724284,18.3625462849935,19.4711271921794,19.2425123850505,19.7891852060954,-0.688784662882489,19.6242480595907,-2.2804417692748,0.043175001636801,0.43292017114911,-3.63371584557637
"KARS","Lysine--tRNA ligase",20.8211059570312,21.0602347056071,20.6306521097819,21.2324822743734,20.7592576344808,19.2670192718506,20.3618380228678,20.3771553039551,20.5167465209961,20.9075469970703,-0.614685312906902,20.5934038798014,-2.28482079716269,0.0428424218898443,0.43292017114911,-3.62874951209798
"IARS","Isoleucine--tRNA ligase, cytoplasmic",22.8904577891032,22.6072508494059,23.2885564168294,22.9134508768717,23.4704761505127,22.4992148081462,22.9668884277344,22.9630260467529,21.574561436971,21.6776072184245,-0.697778828938801,22.6851490020752,-2.28751033771706,0.042639376948407,0.43292017114911,-3.62569853923974
"GLUL","Glutamine synthetase",22.5146776835124,22.9447587331136,22.9146626790365,23.3196264902751,22.9230861663818,21.9986114501953,22.3964525858561,21.8741709391276,22.9716663360596,22.7191378275553,-0.531354522705078,22.6576850891113,-2.30449352007122,0.0413784407532738,0.43292017114911,-3.60642087950348
"HNRNPU","Heterogeneous nuclear ribonucleoprotein U",19.7634353637695,20.1345723470052,19.1884918212891,20.05881690979,19.3901240030924,19.6162605285645,18.2117932637533,19.1272926330566,19.011360168457,19.3916212717692,-0.635422515869139,19.3893768310547,-2.30695858713754,0.0411984261221457,0.43292017114911,-3.6036210761663
"TIMM8A","Mitochondrial import inner membrane translocase subunit Tim8 A",20.3954747517904,19.8997198740641,20.2151953379313,20.1775080362956,20.5622107187907,18.3233184814453,19.7115128835042,20.0040785471598,19.8658650716146,19.8723754882812,-0.694591649373373,19.9027259190877,-2.32935167347832,0.0395973135652364,0.43292017114911,-3.57816860859297
"PPIB","Peptidyl-prolyl cis-trans isomerase B",21.6862042744954,21.9192371368408,21.9935735066732,21.9261385599772,21.6685040791829,21.7697601318359,21.1987915039062,21.5404790242513,19.8902320861816,21.2799110412598,-0.702896753946935,21.4872831344604,-2.33666597072835,0.039087457248619,0.43292017114911,-3.56984810653953
"HNRNPA1;HNRNPA1L2","Heterogeneous nuclear ribonucleoprotein A1;Heterogeneous nuclear ribonucleoprotein A1, N-terminally processed;Heterogeneous nuclear ribonucleoprotein A1-like 2",21.1996841430664,20.8548812866211,20.697816212972,21.2793032328288,20.5547637939453,19.2170054117839,19.4091885884603,20.6034959157308,20.7261562347412,20.7555236816406,-0.775015767415366,20.529781850179,-2.35962174742001,0.0375281003061357,0.43292017114911,-3.54371402868207
"HBA1","Hemoglobin subunit alpha",28.2577514648438,28.2104403177897,28.4728679656982,28.5391578674316,27.7465883890788,27.2491436004639,28.777904510498,27.094596862793,27.0068556467692,25.6872425079346,-1.08221257527669,27.7042549133301,-2.43699428623897,0.0327034121355787,0.43292017114911,-3.45544096043109
"ST13P4;ST13;ST13P5","Putative protein FAM10A4;Hsc70-interacting protein;Putative protein FAM10A5",22.1813220977783,22.1145311991374,22.2245267232259,22.4332319895426,22.2979494730632,21.1022046407064,20.7829844156901,21.8690643310547,22.1773319244385,22.0823561350505,-0.647524007161456,21.9265502929687,-2.47749793907716,0.0304238510532668,0.43292017114911,-3.40914606502092
"ARSB","Arylsulfatase B",22.0046679178874,22.241584777832,22.2312107086182,22.5612227121989,22.6998278299967,19.7268733978271,21.4450047810872,21.7837034861247,21.8862368265788,22.0440743764242,-0.970524215698244,21.8624406814575,-2.50102880675801,0.029171478911346,0.43292017114911,-3.38223336252544
"MIA3","Melanoma inhibitory activity protein 3",21.6472206115723,20.9779809315999,20.687526067098,20.0359853108724,20.9539076487223,20.1159934997559,18.6374778747559,21.2073853810628,19.0239899953206,19.6692797342936,-1.12969881693522,20.2956747055054,-2.50594108010867,0.0289164616206191,0.43292017114911,-3.37661390499312
"SNRPD3","Small nuclear ribonucleoprotein Sm D3",19.7116578420003,19.6571191151937,19.7704048156738,19.7545566558838,19.5054759979248,18.3591403961182,19.2154026031494,18.0902131398519,19.8649044036865,19.1581776936849,-0.74227523803711,19.3087052663167,-2.54325700505865,0.0270491591706216,0.43292017114911,-3.33391674300582
"CKAP4","Cytoskeleton-associated protein 4",22.9544067382812,22.4221674601237,22.7326965332031,22.9479300181071,23.111167271932,22.6567834218343,22.0024992624919,22.712433497111,20.9832585652669,21.8474648793538,-0.793185679117841,22.4370807647705,-2.61630743915027,0.023729699842542,0.43292017114911,-3.25032316481362
"VARS","Valine--tRNA ligase",22.4146811167399,21.9448121388753,22.4787445068359,22.2786038716634,22.4404563903809,21.8706823984782,21.824644724528,22.3695691426595,21.0165303548177,21.3428529103597,-0.62660369873047,21.9981577555339,-2.64143968987133,0.0226830670177431,0.431431934677473,-3.22157426242857
"PDE10A","cAMP and cAMP-inhibited cGMP 3,5-cyclic phosphodiesterase 10A",19.7842597961426,19.0894622802734,19.3964424133301,19.4488016764323,19.6454652150472,17.7727718353271,18.6527417500814,18.9249909718831,19.4706490834554,18.855463663737,-0.737562815348305,19.104104868571,-2.69020169224623,0.0207806472297686,0.420476500329999,-3.16583087102559
"TMED7","Transmembrane emp24 domain-containing protein 7",20.8133754730225,20.6871318817139,20.3482882181803,20.8792088826497,20.8235454559326,18.7473309834798,20.0524514516195,19.4315935770671,20.5412972768148,20.4624582926432,-0.863283665974935,20.2786681493123,-2.74434035755291,0.018853010033823,0.407482103231039,-3.10402224479834
"COPA","Coatomer subunit alpha;Xenin;Proxenin",20.5117594401042,19.8821220397949,20.335142771403,20.1561279296875,20.2577851613363,20.0463161468506,19.840789159139,19.9621658325195,19.2098382314046,19.0416100819906,-0.60844357808431,19.924365679423,-2.7550255910079,0.0184940612375042,0.407482103231039,-3.0918360874195
"SERPINA1","Alpha-1-antitrypsin;Short peptide from AAT",23.4621626536051,22.0114142100016,22.0914675394694,20.029972076416,23.0790284474691,21.0616334279378,21.8720219930013,19.3832931518555,19.6187756856283,19.6223983764648,-1.82318445841472,21.2232167561849,-2.75658656927851,0.0184421945925617,0.407482103231039,-3.09005624217461
"ERP44","Endoplasmic reticulum resident protein 44",21.2727336883545,20.6863651275635,20.90309715271,21.0957412719727,20.8021494547526,20.6117426554362,20.319974899292,20.7198085784912,18.5700295766195,18.9529571533203,-1.1171147664388,20.3934599558512,-2.77840792066207,0.0177320897750802,0.407482103231039,-3.06518652776488
"RARS","Arginine--tRNA ligase, cytoplasmic",22.2026208241781,21.4724597930908,21.5753777821859,21.8178793589274,22.0011647542318,21.3479086558024,21.4264227549235,21.6399389902751,21.1010754903158,20.8983281453451,-0.531165695190431,21.5483176549276,-2.82575952442552,0.0162833806849462,0.407482103231039,-3.01129988998584
"NARS","Asparagine--tRNA ligase, cytoplasmic",20.4006652832031,20.2798487345378,19.7706387837728,20.1729685465495,20.0641123453776,20.2493979136149,19.7008724212646,18.4150581359863,18.2024752298991,19.1317532857259,-0.997735341389972,19.6387790679932,-2.82799320430818,0.0162180333572352,0.407482103231039,-3.0087608937929
"FBXO2","F-box only protein 2",23.2942225138346,23.5507926940918,23.7676397959391,23.9196319580078,24.0904401143392,22.9943180084229,23.0324535369873,23.6177762349447,23.1857624053955,23.1789436340332,-0.522694651285808,23.4631980895996,-2.86659418935984,0.0151291969043906,0.407482103231039,-2.96493009288064
"HSP90AB1","Heat shock protein HSP 90-beta",25.384329477946,25.320671081543,25.4167753855387,25.4338582356771,25.3773695627848,25.0854371388753,24.9679622650146,25.2657731374105,24.4663365681966,24.2617034912109,-0.577158228556315,25.0980216344198,-3.00715322781416,0.0117470333058168,0.407482103231039,-2.80620621722172
"CDS2","Phosphatidate cytidylyltransferase 2",19.3340028127034,19.7352854410807,20.035239537557,19.7499542236328,20.3063882191976,19.021728515625,19.9978313446045,18.4761555989583,17.9309692382812,17.6797053019206,-1.21089604695638,19.2267260233561,-3.09824437299303,0.00997222511943929,0.407482103231039,-2.70423809809882
"PRKAR2B","cAMP-dependent protein kinase type II-beta regulatory subunit",22.1872730255127,22.0925763448079,22.3323262532552,22.2466201782227,22.111364364624,21.8289451599121,21.8810609181722,21.894489924113,21.4122219085693,20.9378471374512,-0.603119023640948,21.892472521464,-3.14911091596088,0.00910158311298347,0.407482103231039,-2.64765603016309
"ALDH1A1","Retinal dehydrogenase 1",24.8389561971029,23.3436228434245,24.2882061004639,24.7793820699056,25.2279764811198,23.7869733174642,22.2173805236816,23.7561785380046,23.6687278747559,22.6540667215983,-1.27896334330241,23.8561470667521,-3.17317259802553,0.0087169427507922,0.407482103231039,-2.62098716873245
"MARS","Methionine--tRNA ligase, cytoplasmic",21.9438896179199,21.9488061269124,22.2666912078857,22.204371770223,22.6866976420085,21.3191184997559,21.9705829620361,21.8813896179199,21.2007350921631,21.2142492930094,-0.692876180013022,21.8636531829834,-3.29766076267562,0.00697478638213781,0.407482103231039,-2.48407887220319
"FABP7","Fatty acid-binding protein, brain",20.0890642801921,18.5938212076823,19.3831011454264,19.7994111378988,19.7063878377279,18.6663703918457,18.6857458750407,19.0014972686768,18.3875389099121,17.7856534322103,-1.00899594624837,19.0098591486613,-3.41053446578595,0.0057024900272086,0.407482103231039,-2.36162869785316
"APOO","Apolipoprotein O",21.2751992543538,20.8275807698568,21.100061416626,20.9283924102783,20.9883155822754,20.9713204701742,19.8935642242432,20.1294905344645,20.5379384358724,20.0161043802897,-0.714226277669271,20.6667967478434,-3.45485024081871,0.00527018887694603,0.407482103231039,-2.31402582679194
"SSR4","Translocon-associated protein subunit delta",21.1589171091716,20.8165461222331,20.8869336446126,20.8589108784993,20.7798150380452,20.3466943105062,20.2868957519531,20.6871077219645,20.0928872426351,20.3579661051432,-0.545914332071936,20.6272673924764,-3.82931089023444,0.00272510721236663,0.370225279851524,-1.92360788638752
"NOMO2;NOMO1;NOMO3","Nodal modulator 2;Nodal modulator 1;Nodal modulator 3",21.2725766499837,20.7814712524414,21.3209285736084,21.2151317596436,21.0379536946615,19.2066402435303,20.6417433420817,20.7188771565755,20.029541015625,19.7545255025228,-1.05534693400065,20.5979389190674,-3.86429042779565,0.00256404566895528,0.370225279851524,-1.88829063841378
"GBE1","1,4-alpha-glucan-branching enzyme",20.2835871378581,18.897694905599,19.4056313832601,19.2011915842692,19.3369967142741,18.6161092122396,18.2696240743001,18.9079233805339,18.3062241872152,18.0420112609863,-0.996641921997073,18.9266993840535,-3.901434950429,0.00240376772245618,0.370225279851524,-1.85101408756425
"CANX","Calnexin",23.7913754781087,23.9002507527669,23.8264605204264,23.9712397257487,23.7248700459798,23.0307903289795,23.2352879842122,23.5425605773926,23.2641989390055,23.4045365651449,-0.547364425659178,23.5691570917765,-4.18502140945857,0.00147607668191162,0.370225279851524,-1.57431562684348
